date,year,month,price_rs_per_quintal,production_lakh_bales,consumption_lakh_bales,exports_lakh_bales,imports_lakh_bales,rainfall_mm,textile_index,price_lag_1,price_lag_3,price_lag_6,consumption_lag_1,consumption_lag_3,consumption_lag_6,price_ma_3,consumption_ma_3,usd_inr,ice_cotton_price,msp,ice_lag_1,usd_inr_lag_1
01-01-2011,2011,1,4642.527994,332.9832104,260.4554972,42.27934752,14.72340578,1042.131561,84.04223283,4323.500617,4188.907365,4351.458002,263.7871084,260.2656635,264.0569611,4435.932528,260.5356889,46.7349275,94.28074379,3300,83.72181023,47.37803476
01-02-2011,2011,2,4731.69172,327.354781,265.3950901,37.25417217,14.30643741,1051.296319,82.00798811,4642.527994,4341.768973,4163.082381,260.4554972,257.364461,264.1112281,4565.906777,263.2125652,46.4249626,93.7984062,3300,94.28074379,46.7349275
01-03-2011,2011,3,4624.170735,332.1046304,266.5266039,35.25164918,12.09209396,1032.280769,83.32760377,4731.69172,4323.500617,4339.545585,265.3950901,263.7871084,261.8504121,4666.13015,264.1257304,47.41579415,71.29522708,3300,93.7984062,46.4249626
01-04-2011,2011,4,4792.723598,339.4053111,269.7609941,35.7331476,12.12435455,1076.378197,84.58406165,4624.170735,4642.527994,4188.907365,266.5266039,260.4554972,260.2656635,4716.195351,267.2275627,47.11267276,79.91840593,3300,71.29522708,47.41579415
01-05-2011,2011,5,4753.013612,335.9606305,278.3178253,34.68417609,11.41305467,1022.678477,82.77358162,4792.723598,4731.69172,4341.768973,269.7609941,265.3950901,257.364461,4723.302648,271.5351411,47.72031254,70.25643023,3300,79.91840593,47.11267276
01-06-2011,2011,6,4771.838525,339.0835519,260.0555698,35.22238771,11.21697198,1019.527054,83.14617333,4753.013612,4624.170735,4323.500617,278.3178253,266.5266039,263.7871084,4772.525245,269.3781297,47.2773508,81.81187141,3300,70.25643023,47.72031254
01-07-2011,2011,7,4458.187457,328.1199781,268.0652378,28.02627082,11.80710456,1054.238535,82.96511712,4771.838525,4792.723598,4642.527994,260.0555698,269.7609941,260.4554972,4661.013198,268.8128776,47.85112698,80.75474561,3300,81.81187141,47.2773508
01-08-2011,2011,8,4542.989382,320.7463633,256.6649001,32.80838678,11.74992974,1070.934107,82.72908563,4458.187457,4753.013612,4731.69172,268.0652378,278.3178253,265.3950901,4591.005121,261.5952359,47.71756497,81.01500244,3300,80.75474561,47.85112698
01-09-2011,2011,9,4526.726038,331.6236548,259.6934756,27.77830457,13.32003266,1083.21935,83.29160915,4542.989382,4771.838525,4624.170735,256.6649001,260.0555698,266.5266039,4509.300959,261.4745378,47.76782618,79.41851205,3300,81.01500244,47.71756497
01-10-2011,2011,10,4237.919155,321.9745668,265.5626989,25.63840558,9.154933032,1039.220909,82.91399077,4526.726038,4458.187457,4792.723598,259.6934756,268.0652378,269.7609941,4435.878192,260.6403582,47.86335999,71.62571309,3300,79.41851205,47.76782618
01-11-2011,2011,11,4341.966605,324.9286185,262.4294561,22.96302076,11.8549717,1068.147082,84.36905884,4237.919155,4542.989382,4753.013612,265.5626989,256.6649001,278.3178253,4368.870599,262.5618769,49.33986341,77.40766282,3300,71.62571309,47.86335999
01-12-2011,2011,12,4349.278753,321.2752738,259.9870504,20.31149956,9.855646002,1043.307906,83.76204647,4341.966605,4526.726038,4771.838525,262.4294561,259.6934756,260.0555698,4309.721504,262.6597351,48.39226819,87.47623035,3300,77.40766282,49.33986341
01-01-2012,2012,1,4645.96572,330.8248844,264.2323812,24.07831621,9.975841953,1037.477197,84.96284995,4349.278753,4237.919155,4458.187457,259.9870504,265.5626989,268.0652378,4445.737026,262.2162959,49.37180512,94.24403176,3600,87.47623035,48.39226819
01-02-2012,2012,2,4864.365063,339.2491942,272.6075536,21.59910986,11.01291751,1054.823518,83.37021273,4645.96572,4341.966605,4542.989382,264.2323812,262.4294561,256.6649001,4619.869845,265.6089951,49.14034194,89.67120826,3600,94.24403176,49.37180512
01-03-2012,2012,3,5035.756057,336.7476507,269.0933896,18.12993319,8.345268587,1045.812493,85.45403294,4864.365063,4349.278753,4526.726038,272.6075536,259.9870504,259.6934756,4848.695613,268.6444415,49.29255849,83.46608402,3600,89.67120826,49.14034194
01-04-2012,2012,4,4939.429182,345.8686379,273.8461299,17.63454128,10.70919489,996.2794765,86.15372601,5035.756057,4645.96572,4237.919155,269.0933896,264.2323812,265.5626989,4946.516767,271.8490244,49.74118743,94.38108771,3600,83.46608402,49.29255849
01-05-2012,2012,5,5087.790773,339.7949916,272.7882764,19.33888143,10.56739488,1051.839395,83.52350574,4939.429182,4864.365063,4341.966605,273.8461299,272.6075536,262.4294561,5020.992004,271.9092653,49.83681994,85.92020717,3600,94.38108771,49.74118743
01-06-2012,2012,6,4733.418426,337.8272455,268.4650272,23.41109162,11.31159522,1043.909831,86.08834228,5087.790773,5035.756057,4349.278753,272.7882764,269.0933896,259.9870504,4920.212794,271.6998112,49.84743726,93.60091122,3600,85.92020717,49.83681994
01-07-2012,2012,7,4620.794761,331.4249645,277.4427714,19.89157455,11.33095618,997.3359604,87.13899904,4733.418426,4939.429182,4645.96572,268.4650272,273.8461299,264.2323812,4814.00132,272.8986917,49.46045495,81.63172385,3600,93.60091122,49.84743726
01-08-2012,2012,8,4705.282669,338.8426717,269.1982377,18.00793186,14.96846108,1010.88713,84.89873337,4620.794761,5087.790773,4864.365063,277.4427714,272.7882764,272.6075536,4686.498619,271.7020121,49.89767828,93.21170469,3600,81.63172385,49.46045495
01-09-2012,2012,9,4695.743336,326.0013239,257.0274307,21.37521996,10.77517192,1005.607866,87.97799111,4705.282669,4733.418426,5035.756057,269.1982377,268.4650272,269.0933896,4673.940255,267.8894799,50.32201102,81.53445765,3600,93.21170469,49.89767828
01-10-2012,2012,10,4646.976831,319.5882926,265.4995118,22.3991496,11.43255694,993.3795745,86.92148206,4695.743336,4620.794761,4939.429182,257.0274307,277.4427714,273.8461299,4682.667612,263.9083934,51.11503418,70.34475057,3600,81.53445765,50.32201102
01-11-2012,2012,11,4490.001448,330.4771011,263.0719882,18.8242443,11.83485176,969.3339437,85.99449553,4646.976831,4705.282669,5087.790773,265.4995118,269.1982377,272.7882764,4610.907205,261.8663102,51.7971653,94.96147223,3600,70.34475057,51.11503418
01-12-2012,2012,12,4780.743168,324.0681955,271.2545609,25.54308787,12.51166228,958.870954,86.84078265,4490.001448,4695.743336,4733.418426,263.0719882,257.0274307,268.4650272,4639.240482,266.608687,50.5347853,79.43221869,3600,94.96147223,51.7971653
01-01-2013,2013,1,4778.912656,336.364515,267.4703111,26.74397596,12.98994031,963.6009194,87.65192297,4780.743168,4646.976831,4620.794761,271.2545609,265.4995118,277.4427714,4683.219091,267.2656201,51.76836049,78.61360958,3700,79.43221869,50.5347853
01-02-2013,2013,2,5096.031294,330.6696297,272.9770148,30.22986108,16.34713583,979.2772173,87.36664579,4778.912656,4490.001448,4705.282669,267.4703111,263.0719882,269.1982377,4885.229039,270.5672956,51.63019334,70.72486777,3700,78.61360958,51.76836049
01-03-2013,2013,3,5158.633378,337.6350873,277.5816032,34.19918229,17.31876714,958.3648645,88.02644072,5096.031294,4780.743168,4695.743336,272.9770148,271.2545609,257.0274307,5011.192443,272.6763097,51.34496407,75.63532018,3700,70.72486777,51.63019334
01-04-2013,2013,4,5074.484928,346.747853,279.9901144,34.40432994,14.95335721,931.7681999,86.76405547,5158.633378,4778.912656,4646.976831,277.5816032,267.4703111,265.4995118,5109.716533,276.8495775,51.64930929,93.02322292,3700,75.63532018,51.34496407
01-05-2013,2013,5,5109.995729,348.263917,271.3516015,33.20373492,15.16977757,946.3771779,88.05113422,5074.484928,5096.031294,4490.001448,279.9901144,272.9770148,263.0719882,5114.371345,276.307773,51.86655558,73.70133109,3700,93.02322292,51.64930929
01-06-2013,2013,6,5001.960421,341.9159547,273.2802217,33.01508237,17.71213627,865.8673308,86.66510324,5109.995729,5158.633378,4780.743168,271.3516015,277.5816032,271.2545609,5062.147026,274.8739792,52.11967085,80.78489616,3700,73.70133109,51.86655558
01-07-2013,2013,7,5021.318297,335.6286551,270.5140119,41.71658559,16.73209282,937.8969912,88.16463601,5001.960421,5074.484928,4778.912656,273.2802217,279.9901144,267.4703111,5044.424816,271.7152784,52.69129621,79.94393592,3700,80.78489616,52.11967085
01-08-2013,2013,8,5042.804872,329.8491613,267.5960427,37.84796043,19.02528495,872.4543542,87.56899876,5021.318297,5109.995729,5096.031294,270.5140119,271.3516015,272.9770148,5022.027863,270.4634254,52.25225907,77.51016827,3700,79.94393592,52.69129621
01-09-2013,2013,9,4795.217389,320.4495991,275.7366161,38.70282728,18.8477334,892.6234763,87.9344208,5042.804872,5001.960421,5158.633378,267.5960427,273.2802217,277.5816032,4953.113519,271.2822236,52.93117315,77.14562482,3700,77.51016827,52.25225907
01-10-2013,2013,10,4937.104159,323.0510253,269.9204195,39.33174959,16.68190157,870.4504702,90.10308825,4795.217389,5021.318297,5074.484928,275.7366161,270.5140119,279.9901144,4925.04214,271.0843594,53.063249,71.84497629,3700,77.14562482,52.93117315
01-11-2013,2013,11,4880.173098,325.8345817,264.2223963,40.22124739,21.62721989,860.3184995,90.15534953,4937.104159,5042.804872,5109.995729,269.9204195,267.5960427,271.3516015,4870.831549,269.9598106,54.17558836,87.00805872,3700,71.84497629,53.063249
01-12-2013,2013,12,4946.821091,337.2314239,275.0630734,39.70914749,22.28302984,903.2396408,89.87022186,4880.173098,4795.217389,5001.960421,264.2223963,275.7366161,273.2802217,4921.366116,269.7352964,53.22917034,78.72374031,3700,87.00805872,54.17558836
01-01-2014,2014,1,5135.109772,338.8116875,282.6758169,38.74625845,18.8816684,864.9657264,88.36581531,4946.821091,4937.104159,5021.318297,275.0630734,269.9204195,270.5140119,4987.367987,273.9870955,54.61054224,84.64439037,3750,78.72374031,53.22917034
01-02-2014,2014,2,5161.993009,333.4261785,281.1126197,38.42139257,19.35602152,876.0717268,89.33876396,5135.109772,4880.173098,5042.804872,282.6758169,264.2223963,267.5960427,5081.307957,279.61717,54.42656784,86.04639586,3750,84.64439037,54.61054224
01-03-2014,2014,3,5303.061825,347.6698364,273.0309723,38.80743454,20.42604518,863.5863277,91.06531445,5161.993009,4946.821091,4795.217389,281.1126197,275.0630734,275.7366161,5200.054869,278.939803,53.73267947,82.12923745,3750,86.04639586,54.42656784
01-04-2014,2014,4,5285.138319,345.6115344,278.1369553,36.89802158,20.48062514,870.0418807,90.190978,5303.061825,5135.109772,4937.104159,273.0309723,282.6758169,269.9204195,5250.064384,277.4268491,54.13141282,91.75025062,3750,82.12923745,53.73267947
01-05-2014,2014,5,5594.308136,342.9603731,284.7672297,35.44982059,20.87075454,858.6349877,92.56563496,5285.138319,5161.993009,4880.173098,278.1369553,281.1126197,264.2223963,5394.169427,278.6450524,54.99660498,86.19105955,3750,91.75025062,54.13141282
01-06-2014,2014,6,5347.861331,345.8908938,275.3343468,35.78846887,22.72604649,828.6809668,90.83666759,5594.308136,5303.061825,4946.821091,284.7672297,273.0309723,275.0630734,5409.102595,279.4128439,54.0332203,86.48236866,3750,86.19105955,54.99660498
01-07-2014,2014,7,5194.066858,343.1352932,277.7358688,33.61123042,19.19961088,872.1723246,90.83244321,5347.861331,5285.138319,5135.109772,275.3343468,278.1369553,282.6758169,5378.745442,279.2791484,54.5276162,84.17630587,3750,86.48236866,54.0332203
01-08-2014,2014,8,5205.141833,337.7844794,276.8546938,35.56053466,17.95220257,840.9564811,90.52832196,5194.066858,5594.308136,5161.993009,277.7358688,284.7672297,281.1126197,5249.023341,276.6416365,54.89113977,93.95684968,3750,84.17630587,54.5276162
01-09-2014,2014,9,5119.01039,325.4195204,268.5138752,25.61123274,16.70053243,818.9728703,91.16802366,5205.141833,5347.861331,5303.061825,276.8546938,275.3343468,273.0309723,5172.739694,274.3681459,54.9307516,72.27470536,3750,93.95684968,54.89113977
01-10-2014,2014,10,5101.055749,326.8775834,271.6091892,31.4315025,17.23415709,841.5084179,91.07905726,5119.01039,5194.066858,5285.138319,268.5138752,277.7358688,278.1369553,5141.735991,272.3259194,56.61839059,92.22202327,3750,72.27470536,54.9307516
01-11-2014,2014,11,5231.068732,331.5674917,259.8476608,30.09680265,17.78993041,880.7456816,92.13668011,5101.055749,5205.141833,5594.308136,271.6091892,276.8546938,284.7672297,5150.37829,266.6569084,54.67322647,78.84139058,3750,92.22202327,56.61839059
01-12-2014,2014,12,5338.312347,338.5969375,270.8408731,21.88037939,19.99621505,869.083658,92.58231808,5231.068732,5119.01039,5347.861331,259.8476608,268.5138752,275.3343468,5223.478943,267.4325744,55.51087263,93.72388767,3750,78.84139058,54.67322647
01-01-2015,2015,1,5329.215895,336.4711239,276.7237175,23.8744137,15.95675964,847.1345298,91.03667064,5338.312347,5101.055749,5194.066858,270.8408731,271.6091892,277.7358688,5299.532325,269.1374171,55.23787271,85.03773114,3800,93.72388767,55.51087263
01-02-2015,2015,2,5444.388619,343.0864834,275.5384239,22.50030369,16.47061121,849.8163022,90.68847148,5329.215895,5231.068732,5205.141833,276.7237175,259.8476608,276.8546938,5370.638954,274.3676715,56.68118724,91.3577012,3800,85.03773114,55.23787271
01-03-2015,2015,3,5567.374788,342.2911407,289.1848954,19.29881379,15.49433744,853.7094766,90.3805434,5444.388619,5338.312347,5119.01039,275.5384239,270.8408731,268.5138752,5446.993101,280.4823456,56.25615531,91.23251714,3800,91.3577012,56.68118724
01-04-2015,2015,4,5411.187194,343.3293117,277.9001241,19.64740903,16.67750582,905.6415103,92.92178443,5567.374788,5329.215895,5101.055749,289.1848954,276.7237175,271.6091892,5474.316867,280.8744811,56.91692251,86.23665313,3800,91.23251714,56.25615531
01-05-2015,2015,5,5482.769718,352.1810112,281.4862052,18.31489074,18.06289847,876.3057699,91.50747083,5411.187194,5444.388619,5231.068732,277.9001241,275.5384239,259.8476608,5487.110567,282.8570749,56.81633267,90.69631009,3800,86.23665313,56.91692251
01-06-2015,2015,6,5717.475604,351.3871115,282.234785,23.63586309,12.86513299,882.3928893,90.65499118,5482.769718,5567.374788,5338.312347,281.4862052,289.1848954,270.8408731,5537.144172,280.5403714,56.60284587,79.79300932,3800,90.69631009,56.81633267
01-07-2015,2015,7,5664.989382,339.393644,285.2724823,21.87145472,12.33710115,900.0516365,93.39350471,5717.475604,5411.187194,5329.215895,282.234785,277.9001241,276.7237175,5621.744901,282.9978242,56.95027057,88.43783095,3800,79.79300932,56.60284587
01-08-2015,2015,8,5395.29344,339.9191423,271.5595071,22.68911651,14.07742313,890.3653368,95.69496996,5664.989382,5482.769718,5444.388619,285.2724823,281.4862052,275.5384239,5592.586142,279.6889248,57.19855221,70.51726859,3800,88.43783095,56.95027057
01-09-2015,2015,9,5424.352093,333.1971872,280.4210502,22.00834786,13.01277772,886.9993329,93.39294387,5395.29344,5717.475604,5567.374788,271.5595071,282.234785,289.1848954,5494.878305,279.0843465,57.34229511,76.75844984,3800,70.51726859,57.19855221
01-10-2015,2015,10,5390.730927,326.9714456,275.4350209,18.98737471,14.28573112,895.2450953,94.43454989,5424.352093,5664.989382,5411.187194,280.4210502,285.2724823,277.9001241,5403.45882,275.8051927,57.41940029,82.2240607,3800,76.75844984,57.34229511
01-11-2015,2015,11,5713.993345,333.4915516,272.4334935,21.11953101,11.97166386,905.0847508,93.87493281,5390.730927,5395.29344,5482.769718,275.4350209,271.5595071,281.4862052,5509.692122,276.0965215,57.57226003,88.47472729,3800,82.2240607,57.41940029
01-12-2015,2015,12,5610.972269,343.1827937,280.3336356,24.28745053,10.19785907,913.4188072,93.89125813,5713.993345,5424.352093,5717.475604,272.4334935,280.4210502,282.234785,5571.898847,276.0673833,58.21692164,82.66290877,3800,88.47472729,57.57226003
01-01-2016,2016,1,5605.927453,340.4612639,282.077027,22.1900152,11.33033094,936.6110411,95.1062686,5610.972269,5390.730927,5664.989382,280.3336356,275.4350209,285.2724823,5643.631022,278.2813854,59.64046616,80.71391475,3860,82.66290877,58.21692164
01-02-2016,2016,2,5642.869601,353.6113956,281.6754872,27.53454043,11.88604496,931.1864924,94.09396191,5605.927453,5713.993345,5395.29344,282.077027,272.4334935,271.5595071,5619.923108,281.3620499,58.05682358,85.34150282,3860,80.71391475,59.64046616
01-03-2016,2016,3,5670.688528,336.4974891,286.4812565,27.21001154,11.3068974,953.027285,94.8486731,5642.869601,5610.972269,5424.352093,281.6754872,280.3336356,280.4210502,5639.828527,283.4112569,58.18763495,71.06829307,3860,85.34150282,58.05682358
01-04-2016,2016,4,5898.178876,355.1932564,285.6262333,28.58713941,10.76710438,945.0677467,95.10002293,5670.688528,5605.927453,5390.730927,286.4812565,282.077027,275.4350209,5737.245668,284.5943257,59.16868287,74.19382787,3860,71.06829307,58.18763495
01-05-2016,2016,5,5795.106952,350.3270165,287.2472506,32.42319979,11.61415125,956.5854048,94.307279,5898.178876,5642.869601,5713.993345,285.6262333,281.6754872,272.4334935,5787.991452,286.4515801,58.88968964,74.39107664,3860,74.19382787,59.16868287
01-06-2016,2016,6,5675.016008,344.8842736,287.9071434,33.5265563,11.85383118,923.3445197,96.16445614,5795.106952,5670.688528,5610.972269,287.2472506,286.4812565,280.3336356,5789.433945,286.9268758,59.2387577,81.62073489,3860,74.39107664,58.88968964
01-07-2016,2016,7,5672.288524,341.9858975,289.3982545,33.47973804,12.33533947,989.8385523,95.19449837,5675.016008,5898.178876,5605.927453,287.9071434,285.6262333,282.077027,5714.137161,288.1842162,59.12723869,80.45987402,3860,81.62073489,59.2387577
01-08-2016,2016,8,5548.495446,326.7370323,275.8984917,37.96752752,11.47131233,986.4959313,94.8107573,5672.288524,5795.106952,5642.869601,289.3982545,287.2472506,281.6754872,5631.933326,284.4012965,59.04121711,77.40993829,3860,80.45987402,59.12723869
01-09-2016,2016,9,5771.863763,332.0640466,287.8473267,34.77738869,10.55396523,1007.375325,96.30005664,5548.495446,5675.016008,5670.688528,275.8984917,287.9071434,286.4812565,5664.215911,284.3813576,60.19151317,74.41178473,3860,77.40993829,59.04121711
01-10-2016,2016,10,5684.223089,333.7560062,271.1325355,39.26971548,11.3965749,937.0792998,95.06212315,5771.863763,5672.288524,5898.178876,287.8473267,289.3982545,285.6262333,5668.194099,278.2927846,60.19143606,71.7935435,3860,74.41178473,60.19151317
01-11-2016,2016,11,5641.761202,340.8474428,279.2991858,40.09961861,13.4177942,1044.048836,96.18581663,5684.223089,5548.495446,5795.106952,271.1325355,275.8984917,287.2472506,5699.282685,279.4263493,60.18886926,84.27825002,3860,71.7935435,60.19143606
01-12-2016,2016,12,5883.462394,334.6746588,284.3852885,38.92287275,10.86708417,1006.403629,96.34556081,5641.761202,5771.863763,5675.016008,279.2991858,287.8473267,287.9071434,5736.482228,278.2723366,60.41791216,88.5809361,3860,84.27825002,60.18886926
01-01-2017,2017,1,5862.909245,338.3713251,285.9515537,40.5583396,13.17532532,1037.862316,97.6376197,5883.462394,5684.223089,5672.288524,284.3852885,271.1325355,289.3982545,5796.04428,283.2120093,60.78529812,79.77347047,4020,88.5809361,60.41791216
01-02-2017,2017,2,5888.748427,345.0527911,285.1323546,37.49342199,12.5992378,1000.947803,97.22346671,5862.909245,5641.761202,5548.495446,285.9515537,279.2991858,275.8984917,5878.373355,285.1563989,61.22029189,73.9486831,4020,79.77347047,60.78529812
01-03-2017,2017,3,6220.098769,355.9466242,288.9163572,41.65626398,13.82755012,1039.550714,96.92078585,5888.748427,5883.462394,5771.863763,285.1323546,284.3852885,287.8473267,5990.58548,286.6667552,61.51609372,84.47099554,4020,73.9486831,61.22029189
01-04-2017,2017,4,6168.176719,354.5008984,288.742282,38.97914628,16.31626607,1011.239777,97.96062344,6220.098769,5862.909245,5684.223089,288.9163572,285.9515537,271.1325355,6092.341305,287.5969979,61.39603344,73.38154452,4020,84.47099554,61.51609372
01-05-2017,2017,5,6003.470613,349.0163791,287.9825202,37.58515264,15.30877709,1024.274308,98.73010903,6168.176719,5888.748427,5641.761202,288.742282,285.1323546,279.2991858,6130.582034,288.5470531,62.137412,85.79947816,4020,73.38154452,61.39603344
01-06-2017,2017,6,6034.660713,350.7190465,292.2038271,39.77108084,15.71497822,1078.869833,98.09475612,6003.470613,6220.098769,5883.462394,287.9825202,288.9163572,284.3852885,6068.769348,289.6428764,61.84309836,72.39873003,4020,85.79947816,62.137412
01-07-2017,2017,7,5885.837189,343.7858804,288.0290472,35.09419102,14.21866404,1039.98635,97.74434277,6034.660713,6168.176719,5862.909245,292.2038271,288.742282,285.9515537,5974.656172,289.4051315,61.91667915,74.53557366,4020,72.39873003,61.84309836
01-08-2017,2017,8,5754.823475,343.2915008,281.6249133,32.33555406,17.97131579,1050.708435,96.61919825,5885.837189,6003.470613,5888.748427,288.0290472,287.9825202,285.1323546,5891.773792,287.2859292,61.93605589,88.35575361,4020,74.53557366,61.91667915
01-09-2017,2017,9,5932.220556,331.4255396,286.4603907,30.54602321,18.38475007,1065.652133,97.06296515,5754.823475,6034.660713,6220.098769,281.6249133,292.2038271,288.9163572,5857.627073,285.3714504,62.73215873,88.05483972,4020,88.35575361,61.93605589
01-10-2017,2017,10,6023.453979,332.1055316,283.7168828,33.27669472,21.18828519,1059.373516,98.01989845,5932.220556,5885.837189,6168.176719,286.4603907,288.0290472,288.742282,5903.499337,283.9340623,62.23119537,93.19309611,4020,88.05483972,62.73215873
01-11-2017,2017,11,5739.154911,333.2708308,286.7045727,27.85198994,17.96268424,1052.987061,97.91265529,6023.453979,5754.823475,6003.470613,283.7168828,281.6249133,287.9825202,5898.276482,285.6272821,62.80649427,86.4724902,4020,93.19309611,62.23119537
01-12-2017,2017,12,6028.218106,331.7218341,288.0973331,32.25916934,19.18058971,1057.102814,98.53224052,5739.154911,5932.220556,6034.660713,286.7045727,286.4603907,292.2038271,5930.275665,286.1729295,63.33758012,77.68001394,4020,86.4724902,62.80649427
01-01-2018,2018,1,6026.561359,345.6677935,285.0584042,22.95710802,19.59334532,1097.004136,98.97290608,6028.218106,6023.453979,5885.837189,288.0973331,283.7168828,288.0290472,5931.311459,286.6201033,63.17367899,88.14252454,5150,77.68001394,63.33758012
01-02-2018,2018,2,6162.617511,350.6402517,288.9292266,28.96505362,21.88701499,1046.229023,99.64299325,6026.561359,5739.154911,5754.823475,285.0584042,286.7045727,281.6249133,6072.465659,287.3616546,63.48906752,83.46887483,5150,88.14252454,63.17367899
01-03-2018,2018,3,6245.000171,353.1685799,296.2848187,24.56806151,19.60891094,1049.173085,99.23984605,6162.617511,6028.218106,5932.220556,288.9292266,288.0973331,286.4603907,6144.726347,290.0908165,63.28777514,78.75074365,5150,83.46887483,63.48906752
01-04-2018,2018,4,6264.339839,353.4576062,296.7025648,22.68872035,20.32725459,1063.273509,99.99389081,6245.000171,6026.561359,6023.453979,296.2848187,285.0584042,283.7168828,6223.98584,293.9722034,63.27846502,79.16000248,5150,78.75074365,63.28777514
01-05-2018,2018,5,6348.500593,346.3617255,293.8031709,20.72568929,20.90083616,1060.839929,99.76890791,6264.339839,6162.617511,5739.154911,296.7025648,288.9292266,286.7045727,6285.946868,295.5968515,63.47734708,83.25456794,5150,79.16000248,63.27846502
01-06-2018,2018,6,6207.052772,347.8228818,292.8215263,21.77400127,20.27132263,1058.323187,97.92601127,6348.500593,6245.000171,6028.218106,293.8031709,296.2848187,288.0973331,6273.297735,294.4424207,64.1738871,73.88756001,5150,83.25456794,63.47734708
01-07-2018,2018,7,6236.897899,343.360319,295.2584428,20.31075568,19.24628681,1042.623316,99.15918677,6207.052772,6264.339839,6026.561359,292.8215263,296.7025648,285.0584042,6264.150421,293.9610467,64.22617226,79.1936249,5150,73.88756001,64.1738871
01-08-2018,2018,8,6124.532839,336.2102885,285.5770642,22.26936213,20.05488895,1001.70056,100.1514789,6236.897899,6348.500593,6162.617511,295.2584428,293.8031709,288.9292266,6189.494503,291.2190111,64.28317545,75.16945618,5150,79.1936249,64.22617226
01-09-2018,2018,9,6052.161198,335.9027755,288.5971788,20.24334307,21.14768153,1051.423752,99.28291609,6124.532839,6207.052772,6245.000171,285.5770642,292.8215263,296.2848187,6137.863979,289.8108953,63.69371735,89.03437283,5150,75.16945618,64.28317545
01-10-2018,2018,10,5978.209151,337.5374957,285.2257121,20.54434347,17.70013888,989.5454875,101.2895839,6052.161198,6236.897899,6264.339839,288.5971788,295.2584428,296.7025648,6051.634396,286.4666517,64.80698966,81.95634898,5150,89.03437283,63.69371735
01-11-2018,2018,11,6057.787737,346.4357001,286.1291974,20.01574817,19.07588186,1011.808793,102.4174503,5978.209151,6124.532839,6348.500593,285.2257121,285.5770642,293.8031709,6029.386029,286.6506961,65.98162817,88.68444904,5150,81.95634898,64.80698966
01-12-2018,2018,12,6283.913507,341.6856969,293.5207232,21.38485897,17.40227129,983.5672849,102.3025057,6057.787737,6052.161198,6207.052772,286.1291974,288.5971788,292.8215263,6106.636798,288.2918776,65.33003325,88.49780811,5150,88.68444904,65.98162817
01-01-2019,2019,1,6378.170536,347.2483431,295.2228477,23.10573107,19.76717326,989.9290816,101.0673453,6283.913507,5978.209151,6236.897899,293.5207232,285.2257121,295.2584428,6239.95726,291.6242561,65.14768993,91.87802234,5255,88.49780811,65.33003325
01-02-2019,2019,2,6350.027727,350.7361448,297.9707873,20.26929319,15.16555607,990.0601155,102.9685586,6378.170536,6057.787737,6124.532839,295.2228477,286.1291974,285.5770642,6337.37059,295.5714527,65.07610126,74.55738164,5255,91.87802234,65.14768993
01-03-2019,2019,3,6550.625996,345.3225556,302.0643575,22.36764425,16.04945008,981.9526311,101.8235443,6350.027727,6283.913507,6052.161198,297.9707873,293.5207232,288.5971788,6426.274753,298.4193308,65.99239829,92.77761471,5255,74.55738164,65.07610126
01-04-2019,2019,4,6662.330831,356.2713715,297.8918971,28.061722,16.8616881,975.8273636,101.5348352,6550.625996,6378.170536,5978.209151,302.0643575,295.2228477,285.2257121,6520.994851,299.309014,66.51372497,79.30928935,5255,92.77761471,65.99239829
01-05-2019,2019,5,6413.161104,355.5131292,300.1613872,28.5230169,18.03197213,991.4059489,101.4555629,6662.330831,6350.027727,6057.787737,297.8918971,297.9707873,286.1291974,6542.03931,300.0392139,66.47991511,85.70879355,5255,79.30928935,66.51372497
01-06-2019,2019,6,6580.937004,364.015718,294.6579478,29.46981456,14.96220781,959.8818065,101.9635402,6413.161104,6550.625996,6283.913507,300.1613872,302.0643575,293.5207232,6552.14298,297.5704107,66.33724792,75.22613235,5255,85.70879355,66.47991511
01-07-2019,2019,7,6380.043043,345.8854858,294.9912467,31.53563996,13.60423175,937.6017552,102.0748774,6580.937004,6662.330831,6378.170536,294.6579478,297.8918971,295.2228477,6458.04705,296.6035272,67.99556703,93.83135746,5255,75.22613235,66.33724792
01-08-2019,2019,8,6423.069719,343.5028106,290.9695756,33.81339009,16.64374942,953.4925568,102.8305147,6380.043043,6413.161104,6350.027727,294.9912467,300.1613872,297.9707873,6461.349922,293.53959,67.39070877,93.15085934,5255,93.83135746,67.99556703
01-09-2019,2019,9,6236.183289,338.3090443,290.3435711,33.57174482,11.05335782,949.8357325,103.0177168,6423.069719,6580.937004,6550.625996,290.9695756,294.6579478,302.0643575,6346.432017,292.1014645,68.17649916,81.64536549,5255,93.15085934,67.39070877
01-10-2019,2019,10,6124.930509,331.4472502,291.9619089,34.49878925,9.358226958,893.4959243,103.0572332,6236.183289,6380.043043,6662.330831,290.3435711,294.9912467,297.8918971,6261.394506,291.0916852,66.93070119,83.54548282,5255,81.64536549,68.17649916
01-11-2019,2019,11,6189.163828,344.4922837,287.2738375,37.68340721,12.78408533,922.2195999,103.6881697,6124.930509,6423.069719,6413.161104,291.9619089,290.9695756,300.1613872,6183.425875,289.8597725,67.13358035,79.88275208,5255,83.54548282,66.93070119
01-12-2019,2019,12,6449.636081,346.3458721,301.0419629,36.36920988,10.8834881,916.7943033,104.6389221,6189.163828,6236.183289,6580.937004,287.2738375,290.3435711,294.6579478,6254.576806,293.4259031,67.77705664,87.19081339,5255,79.88275208,67.13358035
01-01-2020,2020,1,6590.50427,351.6891499,291.4439108,39.94595802,9.66971121,889.6466188,104.5948743,6449.636081,6124.930509,6380.043043,301.0419629,291.9619089,294.9912467,6409.76806,293.2532371,67.47683716,86.55936605,5515,87.19081339,67.77705664
01-02-2020,2020,2,6593.804791,348.3348361,293.4067923,36.27477295,11.88835948,916.3166395,102.3574666,6590.50427,6189.163828,6423.069719,291.4439108,287.2738375,290.9695756,6544.648381,295.2975553,68.18890772,84.66900039,5515,86.55936605,67.47683716
01-03-2020,2020,3,6841.005213,363.7037822,305.0216838,42.0204737,10.88092686,879.4307425,101.4854877,6593.804791,6449.636081,6236.183289,293.4067923,301.0419629,290.3435711,6675.104758,296.624129,67.88234566,74.78957994,5515,84.66900039,68.18890772
01-04-2020,2020,4,6657.493314,351.1680846,304.5213306,40.91349291,9.428492229,879.041686,105.1707731,6841.005213,6590.50427,6124.930509,305.0216838,291.4439108,291.9619089,6697.434439,300.9832689,68.88721473,83.19713359,5515,74.78957994,67.88234566
01-05-2020,2020,5,6809.946855,359.9196627,303.4768526,40.21023613,8.187276088,867.6769353,103.0666188,6657.493314,6593.804791,6189.163828,304.5213306,293.4067923,287.2738375,6769.481794,304.3399557,68.35571609,71.60267346,5515,83.19713359,68.88721473
01-06-2020,2020,6,6641.952567,364.4251845,301.9591948,41.12466658,11.32588338,866.6055009,104.4057765,6809.946855,6841.005213,6449.636081,303.4768526,305.0216838,301.0419629,6703.130912,303.319126,69.13025199,82.69860063,5515,71.60267346,68.35571609
01-07-2020,2020,7,6617.57501,343.668008,297.1923922,41.69750527,10.97971883,840.1049223,103.6574732,6641.952567,6657.493314,6590.50427,301.9591948,304.5213306,291.4439108,6689.824811,300.8761465,68.43749982,89.15778761,5515,82.69860063,69.13025199
01-08-2020,2020,8,6607.202921,340.9369843,291.4479283,39.37070142,9.920827346,829.5764568,103.2226501,6617.57501,6809.946855,6593.804791,297.1923922,303.4768526,293.4067923,6622.243499,296.8665051,69.21067423,94.92521575,5515,89.15778761,68.43749982
01-09-2020,2020,9,6462.92107,340.7542589,293.8056035,32.43214602,12.98165809,887.2505256,105.7631376,6607.202921,6641.952567,6841.005213,291.4479283,301.9591948,305.0216838,6562.566334,294.1486413,68.9980366,75.12646097,5515,94.92521575,69.21067423
01-10-2020,2020,10,6503.416367,336.5466611,290.419432,32.1572361,8.823406685,836.0609862,106.1778744,6462.92107,6617.57501,6657.493314,293.8056035,297.1923922,304.5213306,6524.513453,291.8909879,70.33697499,81.64115631,5515,75.12646097,68.9980366
01-11-2020,2020,11,6689.000555,332.7982515,297.9939972,31.93854058,8.428413514,831.485375,105.0392531,6503.416367,6607.202921,6809.946855,290.419432,291.4479283,303.4768526,6551.779331,294.0730109,70.27098332,87.79252685,5515,81.64115631,70.33697499
01-12-2020,2020,12,6623.591601,344.7024208,295.6309823,31.62379185,10.03384605,807.2433569,103.2217656,6689.000555,6462.92107,6641.952567,297.9939972,293.8056035,301.9591948,6605.336174,294.6814705,70.26463276,90.37196687,5515,87.79252685,70.27098332
01-01-2021,2021,1,6884.554433,344.1958706,295.7127895,30.94680495,11.41963569,837.2217444,105.4636078,6623.591601,6503.416367,6617.57501,295.6309823,290.419432,297.1923922,6732.382196,296.445923,70.65603305,124.593998,5726,90.37196687,70.26463276
01-02-2021,2021,2,6807.71897,357.0231346,300.5248015,26.80232945,12.3241338,823.9230396,106.5987006,6884.554433,6689.000555,6607.202921,295.7127895,297.9939972,291.4479283,6771.955001,297.2895244,69.36694412,100.6633691,5726,124.593998,70.65603305
01-03-2021,2021,3,7066.579587,353.8660885,305.5877642,27.01807367,12.1158323,884.3003664,104.9250293,6807.71897,6623.591601,6462.92107,300.5248015,295.6309823,293.8056035,6919.617663,300.6084517,70.49153724,105.0540475,5726,100.6633691,69.36694412
01-04-2021,2021,4,7204.255384,367.7004109,302.6465796,23.61748901,13.5636911,873.415542,106.7843451,7066.579587,6884.554433,6503.416367,305.5877642,295.7127895,290.419432,7026.184647,302.9197151,70.18190222,113.5265322,5726,105.0540475,70.49153724
01-05-2021,2021,5,6805.843586,354.8425097,301.2382898,22.52394729,11.74687417,841.8870304,106.7827197,7204.255384,6807.71897,6689.000555,302.6465796,300.5248015,297.9939972,7025.559519,303.1575445,70.95538837,109.5364392,5726,113.5265322,70.18190222
01-06-2021,2021,6,6919.817864,353.6359978,303.9673597,19.72568194,16.39987468,903.7844194,107.5743654,6805.843586,7066.579587,6623.591601,301.2382898,305.5877642,295.6309823,6976.638945,302.6174097,71.94996952,114.8764496,5726,109.5364392,70.95538837
01-07-2021,2021,7,6976.919035,354.4616748,301.7680436,19.69132947,14.73299508,882.0900923,107.3116986,6919.817864,7204.255384,6884.554433,303.9673597,302.6465796,295.7127895,6900.860162,302.3245644,70.84635632,118.1499281,5726,114.8764496,71.94996952
01-08-2021,2021,8,6818.611718,339.3875503,296.5559711,18.06773617,17.15640328,860.2848352,106.4160936,6976.919035,6805.843586,6807.71897,301.7680436,301.2382898,300.5248015,6905.116206,300.7637915,71.80352256,103.9833069,5726,118.1499281,70.84635632
01-09-2021,2021,9,6822.530196,343.1667008,295.1650301,18.30843362,16.61128784,821.6976011,108.7827784,6818.611718,6919.817864,7066.579587,296.5559711,303.9673597,305.5877642,6872.686983,297.8296816,72.22451362,120.7815446,5726,103.9833069,71.80352256
01-10-2021,2021,10,6717.926604,347.3731522,297.6030766,22.12646331,17.38194849,922.9523539,107.6247217,6822.530196,6976.919035,7204.255384,295.1650301,301.7680436,302.6465796,6786.356173,296.4413593,72.69991252,102.2858133,5726,120.7815446,72.22451362
01-11-2021,2021,11,6833.483455,334.2875515,291.847979,18.15598537,18.12461013,855.2955647,107.952991,6717.926604,6818.611718,6805.843586,297.6030766,296.5559711,301.2382898,6791.313418,294.8720286,72.20371922,104.8436858,5726,102.2858133,72.69991252
01-12-2021,2021,12,6902.166267,347.0561742,294.1361548,25.63076784,18.47924065,856.5969554,107.2440719,6833.483455,6822.530196,6919.817864,291.847979,295.1650301,303.9673597,6817.858775,294.5290701,71.33638366,120.1546662,5726,104.8436858,72.20371922
01-01-2022,2022,1,7154.21663,352.5802021,299.6877995,21.93085218,19.26566768,916.7941168,107.931102,6902.166267,6717.926604,6976.919035,294.1361548,297.6030766,301.7680436,6963.288784,295.2239778,72.04194713,104.3128919,6080,120.1546662,71.33638366
01-02-2022,2022,2,7182.584941,360.3376858,304.5033543,22.14306909,20.73769796,952.3479387,107.6866259,7154.21663,6833.483455,6818.611718,299.6877995,291.847979,296.5559711,7079.655946,299.4424362,71.35600171,109.6012506,6080,104.3128919,72.04194713
01-03-2022,2022,3,7283.812638,354.0518552,308.7264666,21.11385002,19.42271315,938.7708921,108.5955268,7182.584941,6902.166267,6822.530196,304.5033543,294.1361548,295.1650301,7206.871403,304.3058735,73.1811582,100.0519209,6080,109.6012506,71.35600171
01-04-2022,2022,4,7255.364028,355.1218549,314.3497007,25.48704446,20.51098428,930.1662469,110.6772257,7283.812638,7154.21663,6717.926604,308.7264666,299.6877995,297.6030766,7240.587202,309.1931739,73.80030903,104.1747685,6080,100.0519209,73.1811582
01-05-2022,2022,5,7240.700616,363.141883,311.5046079,24.35489426,19.56302093,938.8017102,107.7906604,7255.364028,7182.584941,6833.483455,314.3497007,304.5033543,291.847979,7259.959094,311.5269251,73.92296747,108.2786894,6080,104.1747685,73.80030903
01-06-2022,2022,6,7192.704772,358.5046278,305.8996547,27.29447467,22.03464126,952.1537714,107.7460445,7240.700616,7283.812638,6902.166267,311.5046079,308.7264666,294.1361548,7229.589805,310.5846544,73.89675941,121.2670804,6080,108.2786894,73.92296747
01-07-2022,2022,7,7195.110239,353.4199519,304.2589105,33.79665158,18.96065355,958.5463821,111.0278206,7192.704772,7255.364028,7154.21663,305.8996547,314.3497007,299.6877995,7209.505209,307.2210577,74.14427777,110.6070159,6080,121.2670804,73.89675941
01-08-2022,2022,8,7033.27101,349.047512,298.1204244,30.14706951,22.69979223,957.320019,109.5443709,7195.110239,7240.700616,7182.584941,304.2589105,311.5046079,304.5033543,7140.362007,302.7596632,74.0917319,106.3436949,6080,110.6070159,74.14427777
01-09-2022,2022,9,7050.846297,340.4026765,300.5219288,34.29104263,19.88328616,962.0968206,109.2816662,7033.27101,7192.704772,7283.812638,298.1204244,305.8996547,308.7264666,7093.075849,300.9670879,73.82534034,100.6277735,6080,106.3436949,74.0917319
01-10-2022,2022,10,7222.318405,343.7721059,299.0670403,32.18423069,17.66535992,967.0080509,111.1876879,7050.846297,7195.110239,7255.364028,300.5219288,304.2589105,314.3497007,7102.145237,299.2364645,74.4215287,122.233855,6080,100.6277735,73.82534034
01-11-2022,2022,11,7148.390148,345.563729,302.4779886,35.01918635,19.79659648,961.301005,109.739212,7222.318405,7033.27101,7240.700616,299.0670403,298.1204244,311.5046079,7140.518283,300.6889859,75.02575619,124.3428886,6080,122.233855,74.4215287
01-12-2022,2022,12,7121.584839,344.3346469,300.0038841,39.98830568,18.30392891,978.7040881,112.3678816,7148.390148,7050.846297,7192.704772,302.4779886,300.5219288,305.8996547,7164.097797,300.5163043,74.43817695,113.5317797,6080,124.3428886,75.02575619
01-01-2023,2023,1,7394.013018,28.50914661,308.1857604,36.37165039,20.24004017,958.1575674,111.4168421,7121.584839,7222.318405,7195.110239,300.0038841,299.0670403,304.2589105,7221.329335,303.5558777,75.57289147,70.70634102,7020,113.5317797,74.43817695
01-02-2023,2023,2,7352.788522,28.36660014,315.0348965,42.2180298,17.5916152,997.4574114,110.4480492,7394.013018,7148.390148,7033.27101,308.1857604,302.4779886,298.1204244,7289.462126,307.7415137,74.50265502,82.83173103,7020,70.70634102,75.57289147
01-03-2023,2023,3,7282.69312,28.01119115,310.5945938,40.73803863,17.43703509,986.716857,113.2903131,7352.788522,7121.584839,7050.846297,315.0348965,300.0038841,300.5219288,7343.164887,311.2717502,75.74727527,89.71430148,7020,82.83173103,74.50265502
01-04-2023,2023,4,7432.196295,28.85508362,313.6019208,38.66864288,14.75928528,991.0893124,110.7243343,7282.69312,7394.013018,7222.318405,310.5945938,308.1857604,299.0670403,7355.892646,313.077137,75.28423514,93.48656469,7020,89.71430148,75.74727527
01-05-2023,2023,5,7338.835248,28.11965336,314.3813434,41.25801894,16.36195083,1022.993036,112.269189,7432.196295,7352.788522,7148.390148,313.6019208,315.0348965,302.4779886,7351.241554,312.859286,76.05591527,75.90281166,7020,93.48656469,75.28423514
01-06-2023,2023,6,7437.262445,28.53632494,308.481325,41.86099237,12.81956533,1052.987622,112.0234305,7338.835248,7282.69312,7121.584839,314.3813434,310.5945938,300.0038841,7402.764663,312.1548631,74.92875046,82.92362071,7020,75.90281166,76.05591527
01-07-2023,2023,7,7393.960065,28.30073099,308.7781433,40.80737921,13.47179331,1048.744775,113.2229236,7437.262445,7432.196295,7394.013018,308.481325,313.6019208,308.1857604,7390.019253,310.5469372,75.89907518,94.45434674,7020,82.92362071,74.92875046
01-08-2023,2023,8,7479.466391,27.14043896,305.7277095,35.80614006,16.3673055,1003.641436,113.6797378,7393.960065,7338.835248,7352.788522,308.7781433,314.3813434,315.0348965,7436.8963,307.6623926,76.03590147,92.03058026,7020,94.45434674,75.89907518
01-09-2023,2023,9,7291.01475,27.5658793,304.5334838,36.62720373,15.7808824,1019.341598,112.3472751,7479.466391,7437.262445,7282.69312,305.7277095,308.481325,310.5945938,7388.147069,306.3464455,76.35027175,94.54749958,7020,92.03058026,76.03590147
01-10-2023,2023,10,7229.321474,27.25552584,300.6764338,36.49736305,14.62207497,1061.413668,111.7588974,7291.01475,7393.960065,7432.196295,304.5334838,308.7781433,313.6019208,7333.267538,303.6458757,77.37608865,86.88154158,7020,94.54749958,76.35027175
01-11-2023,2023,11,7380.671438,27.53354435,304.8319531,35.56067155,11.93098695,1025.769908,113.1693317,7229.321474,7479.466391,7338.835248,300.6764338,305.7277095,314.3813434,7300.335887,303.3472902,75.97194707,94.97761577,7020,86.88154158,77.37608865
01-12-2023,2023,12,7169.526863,28.25588074,308.8515991,35.5097892,12.73270359,1043.086152,112.2286886,7380.671438,7291.01475,7437.262445,304.8319531,304.5334838,308.481325,7259.839925,304.786662,77.2034304,89.31320059,7020,94.97761577,75.97194707
01-01-2024,2024,1,7193.360302,25.80585036,26.45719407,1.96562382,4.072109705,102.5479612,109.9615676,7169.526863,7229.321474,7393.960065,308.8515991,300.6764338,308.7781433,7247.852868,213.3802488,77.83371684,84.94879316,7521,89.31320059,77.2034304
01-02-2024,2024,2,7366.589799,25.99603993,26.52664366,1.688562021,3.330407079,99.68708483,108.3569867,7193.360302,7380.671438,7479.466391,26.45719407,304.8319531,305.7277095,7243.158988,120.6118123,76.71075025,80.56091691,7521,84.94879316,77.83371684
01-03-2024,2024,3,7234.55417,26.22440568,27.10544998,1.793597481,4.507590512,101.7742746,108.0658246,7366.589799,7169.526863,7291.01475,26.52664366,308.8515991,304.5334838,7264.834757,26.69642924,77.64796981,74.69037446,7521,80.56091691,76.71075025
01-04-2024,2024,4,7543.287551,26.35986059,26.20665607,1.723024795,4.065312553,98.93208144,108.7794158,7234.55417,7193.360302,7229.321474,27.10544998,26.45719407,300.6764338,7381.477173,26.61291657,77.10589129,85.33356637,7521,74.69037446,77.64796981
01-05-2024,2024,5,7455.671302,26.54242645,26.72533074,1.622706841,3.408809366,100.2255757,107.5044281,7543.287551,7366.589799,7380.671438,26.20665607,26.52664366,304.8319531,7411.171007,26.6791456,78.59137463,86.91636171,7521,85.33356637,77.10589129
01-06-2024,2024,6,7326.792223,26.43870679,26.36549424,1.596671388,3.446077778,101.8179027,108.0513439,7455.671302,7234.55417,7169.526863,26.72533074,27.10544998,308.8515991,7441.917025,26.43249368,77.84470007,81.90433831,7521,86.91636171,78.59137463
01-07-2024,2024,7,7351.303634,26.06106903,26.85372826,1.488078849,3.474482218,97.86274567,110.3143223,7326.792223,7543.287551,7193.360302,26.36549424,26.20665607,26.45719407,7377.922386,26.64818441,78.61988122,79.97808073,7521,81.90433831,77.84470007
01-08-2024,2024,8,7434.799167,25.9078285,25.6630581,1.375214919,2.31618335,101.479833,108.7284098,7351.303634,7455.671302,7366.589799,26.85372826,26.72533074,26.52664366,7370.965008,26.29409353,78.50276067,88.3952815,7521,79.97808073,78.61988122
01-09-2024,2024,9,7172.415859,25.35439199,25.52381471,1.256795727,3.199433326,100.2118858,108.5440794,7434.799167,7326.792223,7234.55417,25.6630581,26.36549424,27.10544998,7319.50622,26.01353369,78.73448641,73.04233556,7521,88.3952815,78.50276067
01-10-2024,2024,10,7171.960807,25.79305403,25.5730465,1.026538116,2.99752733,100.8831241,110.2449466,7172.415859,7351.303634,7543.287551,25.52381471,26.85372826,26.20665607,7259.725277,25.58663977,78.64934177,74.46077639,7521,73.04233556,78.73448641
01-11-2024,2024,11,7147.702011,25.27464454,25.14258436,1.249486619,2.878712543,99.75680022,111.0531517,7171.960807,7434.799167,7455.671302,25.5730465,25.6630581,26.72533074,7164.026225,25.41314852,79.71280112,94.50107597,7521,74.46077639,78.64934177
01-12-2024,2024,12,7201.563178,26.64172209,25.85699932,1.213699423,3.30335424,101.4207306,110.7955235,7147.702011,7172.415859,7326.792223,25.14258436,25.52381471,26.36549424,7173.741998,25.52421006,79.07780028,79.92116805,7521,94.50107597,79.71280112
01-01-2025,2025,1,7578.053407,25.63754082,25.70303941,1.195747293,3.210352268,105.8266796,108.5659708,7201.563178,7171.960807,7351.303634,25.85699932,25.5730465,26.85372826,7309.106198,25.56754103,79.49134521,74.84537981,7800,79.92116805,79.07780028
01-02-2025,2025,2,7529.115876,25.47602099,26.23619014,1.039277072,2.87378212,103.9918898,107.1156794,7578.053407,7147.702011,7434.799167,25.70303941,25.14258436,25.6630581,7436.244154,25.93207629,79.73108527,82.69825854,7800,74.84537981,79.49134521
01-03-2025,2025,3,7714.790397,25.67125256,26.47577565,1.099873503,2.532419377,104.4161308,106.6794439,7529.115876,7201.563178,7172.415859,26.23619014,25.85699932,25.52381471,7607.319893,26.13833507,80.17264728,81.16420421,7800,82.69825854,79.73108527
01-04-2025,2025,4,7706.367381,26.33080089,27.06440097,1.39899591,3.055729851,104.5313101,109.5880357,7714.790397,7578.053407,7171.960807,26.47577565,25.70303941,25.5730465,7650.091218,26.59212225,79.75073742,82.9265897,7800,81.16420421,80.17264728
01-05-2025,2025,5,7794.940623,25.99429452,26.72652045,1.337358353,3.476443246,102.7104061,108.0714001,7706.367381,7529.115876,7147.702011,27.06440097,26.23619014,25.14258436,7738.699467,26.75556569,80.21346693,88.21743595,7800,82.9265897,79.75073742
01-06-2025,2025,6,7726.908204,26.07802457,26.09308203,1.496567045,3.436997981,101.8743518,108.3220563,7794.940623,7714.790397,7201.563178,26.72652045,26.47577565,25.85699932,7742.738736,26.62800115,80.72946177,74.33468287,7800,88.21743595,80.21346693
01-07-2025,2025,7,7717.000421,25.64641743,25.80383033,1.505546705,3.264513437,99.49014545,109.9776827,7726.908204,7706.367381,7578.053407,26.09308203,27.06440097,25.70303941,7746.283083,26.20781094,80.12920109,90.57446745,7800,74.33468287,80.72946177
01-08-2025,2025,8,7481.94922,25.10601689,26.08201277,1.596771198,3.155031821,98.7169674,109.4417513,7717.000421,7794.940623,7529.115876,25.80383033,26.72652045,26.23619014,7641.952615,25.99297504,81.51220767,83.51160419,7800,90.57446745,80.12920109
01-09-2025,2025,9,7452.462719,24.57988829,25.35416197,1.796937563,3.790238877,96.31487339,109.5318955,7481.94922,7726.908204,7714.790397,26.08201277,26.09308203,26.47577565,7550.470787,25.74666836,80.90160159,76.21963827,7800,83.51160419,81.51220767
01-10-2025,2025,10,7374.483355,24.25688088,26.36785143,1.724952642,3.830575667,102.0051692,111.3087875,7452.462719,7717.000421,7706.367381,25.35416197,25.80383033,27.06440097,7436.298431,25.93467539,81.38170673,71.10367015,7800,76.21963827,80.90160159
01-11-2025,2025,11,7474.429754,24.7435903,26.23172822,1.890794717,4.161060757,94.91521587,108.8744096,7374.483355,7481.94922,7794.940623,26.36785143,26.08201277,26.72652045,7433.791943,25.98458054,81.38208591,73.61142637,7800,71.10367015,81.38170673
01-12-2025,2025,12,7649.498643,25.47927188,25.86140663,1.917177998,4.212854597,95.20686052,110.5228873,7474.429754,7452.462719,7726.908204,26.23172822,25.35416197,26.09308203,7499.470584,26.15366209,81.98363741,79.51429313,7800,73.61142637,81.38208591
01-01-2026,2026,1,8045.258153,25.4122775,23.989342,1.27844098,3.568950162,906.841523,107.5096837,7649.498643,7374.483355,7717.000421,25.86140663,26.36785143,25.80383033,7723.062183,25.36082562,82.23190406,79.08074614,8100,79.51429313,81.98363741
01-02-2026,2026,2,7997.047193,25.26017781,25.15542818,1.335939282,3.219749685,931.2368023,107.882329,8045.258153,7474.429754,7481.94922,23.989342,26.23172822,26.08201277,7897.267996,25.00205894,81.57762868,84.95448676,8100,79.08074614,82.23190406
01-03-2026,2026,3,8269.133831,26.0309798,24.86529563,1.416423411,3.846911998,899.8224153,109.2109717,7997.047193,7649.498643,7452.462719,25.15542818,25.86140663,25.35416197,8103.813059,24.67002193,81.70693343,94.97341,8100,84.95448676,81.57762868
01-04-2026,2026,4,8364.236378,26.211135,25.35877951,1.397849729,3.613454443,923.3666568,108.4598981,8269.133831,8045.258153,7374.483355,24.86529563,23.989342,26.36785143,8210.139134,25.1265011,82.15879467,84.50119596,8100,94.97341,81.70693343
